격자코드,경도,위도,총인구수,최종_선정_의료기관,최종_이동시간_분,최종_주행거리_km,API_검증상태
마마3261,128.9671485,35.84107484,5,명주보건진료소,29.57,19.08,완료 (시간순 역전: 후보2 선정)
마마1989,128.827457,36.09512595,8,화남보건지소,28.88,10.94,완료 (시간순 역전: 후보3 선정)
마마3161,128.9560789,35.8412095,8,명주보건진료소,27.48,18.45,완료 (시간순 역전: 후보2 선정)
마마2089,128.8385628,36.09500239,13,화남보건지소,26.25,10.24,완료 (시간순 역전: 후보2 선정)
마마3160,128.9559142,35.83219623,8,명주보건진료소,25.88,17.58,완료 (시간순 역전: 후보2 선정)
마마1277,128.7480069,35.98779727,8,청통보건지소,24.33,15.73,완료 (유클리드 1위 일치)
마마3260,128.9669826,35.83206162,28,명주보건진료소,23.99,14.48,복구완료 (시간이상치 -> 주변평균 대체)
마마3360,128.9780508,35.83192598,8,명주보건진료소,23.98,12.72,완료 (시간순 역전: 후보2 선정)
마마1489,128.7719275,36.09572832,33,신령의원,23.72,17.04,완료 (시간순 역전: 후보3 선정)
마마2088,128.8384099,36.08598905,5,화남보건지소,22.67,9.28,완료 (시간순 역전: 후보2 선정)
마마1379,128.7593845,36.0057089,5,현대연합의원,21.3,12.83,완료 (유클리드 1위 일치)
마마1476,128.7700444,35.9785507,103,청통보건지소,21.27,13.29,완료 (유클리드 1위 일치)
마마3368,128.9793907,35.90403103,28,북안보건지소,20.42,8.41,완료 (시간순 역전: 후보2 선정)
마마1579,128.7815714,36.00547387,8,현대연합의원,20.3,10.09,완료 (유클리드 1위 일치)
마마4670,129.12377,35.92019506,5,파계보건진료소,20.03,11.77,완료 (유클리드 1위 일치)
마마3288,128.9716578,36.08442657,5,평천보건진료소,19.97,7.1,완료 (시간순 역전: 후보2 선정)
마마3874,129.0358268,35.95741256,38,고경보건지소,19.75,14.21,완료 (시간순 역전: 후보2 선정)
마마3460,128.989119,35.83178933,5,명주보건진료소,19.33,11.62,완료 (유클리드 1위 일치)
마마1987,128.827154,36.07709917,5,신녕보건지소,19.15,9.36,완료 (유클리드 1위 일치)
마마2475,128.8807805,35.96831211,13,우천보건진료소,18.85,9.9,완료 (유클리드 1위 일치)
마마2886,128.9269172,36.0669378,18,화남보건지소,18.78,6.92,완료 (시간순 역전: 후보2 선정)
마마4585,129.1154444,36.05553005,63,사리보건진료소,18.51,16.26,복구완료 (시간이상치 -> 주변평균 대체)
마마4390,129.0941563,36.10088883,13,보현보건진료소,18.37,8.78,완료 (유클리드 1위 일치)
마마3369,128.9795585,35.9130441,28,북안보건지소,18.35,7.86,완료 (유클리드 1위 일치)
마마1390,128.7609654,36.10485932,5,신령의원,18.33,14.33,완료 (시간순 역전: 후보3 선정)
마마2295,128.8617077,36.14883143,5,안천보건진료소,18.22,9.61,복구완료 (인접도로 매핑 / 시간역전: 후보3)
마마4387,129.0936103,36.07385189,23,자양보건지소,18.12,10.73,완료 (시간순 역전: 후보3 선정)
마마2087,128.8382571,36.07697569,33,화남보건지소,17.73,7.96,완료 (유클리드 1위 일치)
마마3269,128.968479,35.91318014,38,북안보건지소,16.87,7.46,완료 (유클리드 1위 일치)
마마2393,128.8725068,36.13067825,5,안천보건진료소,16.8,8.74,완료 (시간순 역전: 후보3 선정)
마마4276,129.0805272,35.97486192,13,고경보건지소,16.78,6.12,완료 (시간순 역전: 후보2 선정)
마마1087,128.7272224,36.07816423,5,부산보건진료소,16.77,8.65,완료 (유클리드 1위 일치)
마마2493,128.8836173,36.13055041,38,안천보건진료소,16.72,9.21,완료 (시간순 역전: 후보3 선정)
마마3970,129.0462097,35.92121919,28,북안보건지소,16.72,6.61,완료 (시간순 역전: 후보2 선정)
마마3873,129.0356523,35.94839979,8,육군3사관학교의원,16.58,10.21,복구완료 (인접도로 매핑 / 시간역전: 후보3)
마마1282,128.7487176,36.03286619,5,신령의원,16.42,5.47,완료 (시간순 역전: 후보3 선정)
마마4570,129.1126902,35.92034443,5,파계보건진료소,16.08,7.61,완료 (유클리드 1위 일치)
마마3273,128.969146,35.94923245,108,다산한의원,15.93,6.9,완료 (유클리드 1위 일치)
마마3287,128.9714898,36.07541373,33,평천보건진료소,15.92,6.02,완료 (유클리드 1위 일치)
마마2282,128.8596878,36.03165907,23,화남보건지소,15.8,7.08,완료 (시간순 역전: 후보3 선정)
마마3090,128.9497816,36.10272308,8,화북보건지소,15.52,8.35,완료 (유클리드 1위 일치)
마마4485,129.1043456,36.05567914,58,사리보건진료소,15.48,13.36,복구완료 (시간이상치 -> 주변평균 대체)
마마4172,129.0687263,35.93895702,5,파계보건진료소,15.47,8.78,완료 (유클리드 1위 일치)
마마3367,128.979223,35.89501795,5,북안보건지소,15.37,8.68,복구완료 (시간이상치 -> 주변평균 대체)
마마2575,128.8918682,35.96818399,5,한의마을한의원,15.28,5.69,복구완료 (인접도로 매핑 / 시간역전: 후보3)
마마4086,129.0601276,36.06527769,13,자양보건지소,15.23,10.32,완료 (시간순 역전: 후보2 선정)
마마3775,129.0249147,35.96656674,8,육군3사관학교의원,15.05,8.79,완료 (유클리드 1위 일치)
마마2885,128.9267545,36.05792475,8,화남보건지소,15,5.9,완료 (유클리드 1위 일치)
마마2365,128.8681391,35.87830441,134,대창보건지소,15,8.31,완료 (유클리드 1위 일치)
마마2476,128.8809375,35.97732547,58,의료법인송학의료재단 효사랑요양병원,14.88,7.41,완료 (시간순 역전: 후보2 선정)
마마1089,128.7275027,36.0961917,53,부산보건진료소,14.85,7.81,완료 (유클리드 1위 일치)
마마2682,128.9040739,36.03114748,8,암기보건진료소,14.85,18.87,완료 (시간순 역전: 후보2 선정)
마마4685,129.1265431,36.05537995,58,사리보건진료소,14.81,12.35,복구완료 (시간이상치 -> 주변평균 대체)
마마3268,128.9683124,35.90416703,18,북안보건지소,14.7,11.46,완료 (유클리드 1위 일치)
마마2985,128.9378545,36.0577921,13,평천보건진료소,14.67,6.62,완료 (시간순 역전: 후보2 선정)
마마4286,129.0823283,36.06498662,23,자양보건지소,14.28,9.41,완료 (시간순 역전: 후보3 선정)
마마3774,129.0247414,35.95755394,48,육군3사관학교치과의원,14.25,8.6,완료 (시간순 역전: 후보2 선정)
마마2593,128.8947277,36.13042153,5,화북보건지소,14.18,4.21,완료 (시간순 역전: 후보2 선정)
마마2267,128.8573715,35.89645722,1744,경북연합의원,14.17,9.96,완료 (시간순 역전: 후보3 선정)
마마2367,128.8684493,35.89633148,8,경북연합의원,13.93,5.91,완료 (시간순 역전: 후보3 선정)
마마4773,129.1354066,35.94708176,8,파계보건진료소,13.85,10.81,완료 (유클리드 1위 일치)
마마3061,128.9450093,35.84134315,18,운천보건진료소,13.77,6.59,완료 (유클리드 1위 일치)
마마2383,128.8709406,36.04054601,28,화남보건지소,13.62,11.92,완료 (시간순 역전: 후보2 선정)
마마3186,128.9602208,36.06653664,63,평천보건진료소,13.55,5.65,완료 (유클리드 1위 일치)
마마3173,128.9580613,35.94936764,8,다산한의원,13.52,6.25,완료 (유클리드 1위 일치)
마마4186,129.071228,36.06513267,38,자양보건지소,13.5,9.21,완료 (시간순 역전: 후보2 선정)
마마0885,128.7047397,36.06036191,58,부산보건진료소,13.48,5.81,완료 (유클리드 1위 일치)
마마3062,128.9451728,35.85035645,23,운천보건진료소,13.47,6.51,완료 (유클리드 1위 일치)
마마1380,128.7595279,36.01472265,33,현대연합의원,13.47,5.28,완료 (유클리드 1위 일치)
마마3189,128.960721,36.0935753,8,화북보건지소,13.43,8.41,완료 (유클리드 1위 일치)
마마2086,128.8381044,36.06796232,5,화남보건지소,13.42,6.82,완료 (시간순 역전: 후보2 선정)
마마2579,128.8925016,36.00423718,33,우천보건진료소,13.4,6.38,완료 (유클리드 1위 일치)
마마3170,128.9575647,35.9223283,157,의료법인동승의료재단 동승병원,13.34,10.17,복구완료 (시간이상치 -> 주변평균 대체)
마마3664,129.0119396,35.86756506,5,명주보건진료소,13.27,5.71,완료 (유클리드 1위 일치)
마마2761,128.9117998,35.84173796,28,운천보건진료소,13.23,5.71,완료 (유클리드 1위 일치)
마마2292,128.8612405,36.12179187,8,안천보건진료소,13.2,6.92,완료 (유클리드 1위 일치)
마마2884,128.9265918,36.04891169,5,화남보건지소,13.05,5.38,완료 (유클리드 1위 일치)
마마2667,128.9016821,35.89594815,38,대창보건지소,13.05,5.91,완료 (시간순 역전: 후보2 선정)
마마3361,128.9782181,35.84093916,5,명주보건진료소,13.03,4.59,완료 (유클리드 1위 일치)
마마1481,128.7707674,36.0236193,5,신령의원,13,3.93,완료 (시간순 역전: 후보3 선정)
마마3370,128.9797264,35.92205715,83,북안보건지소,12.98,6.43,완료 (유클리드 1위 일치)
마마1580,128.7817173,36.01448754,13,현대연합의원,12.97,4.81,완료 (유클리드 1위 일치)
마마3070,128.9464838,35.92246234,58,의료법인동승의료재단 동승병원,12.89,12.66,복구완료 (시간이상치 -> 주변평균 대체)
마마2482,128.881881,36.03140533,43,화남보건지소,12.82,10.51,완료 (시간순 역전: 후보3 선정)
마마3969,129.0460343,35.91220641,8,북안동산의원,12.8,5.78,완료 (유클리드 1위 일치)
마마2785,128.9156544,36.05805637,18,화남보건지소,12.72,5.3,완료 (유클리드 1위 일치)
마마3089,128.949616,36.09371018,63,화북보건지소,12.65,7.88,완료 (유클리드 1위 일치)
마마2176,128.8476703,35.97770379,28,우천보건진료소,12.63,5,완료 (유클리드 1위 일치)
마마1382,128.7598149,36.03275009,5,신령의원,12.6,3.8,복구완료 (인접도로 매핑 / 시간역전: 후보3)
마마3674,129.0136558,35.9576943,8,육군3사관학교의원,12.53,7.91,복구완료 (시간이상치 -> 주변평균 대체)
마마3474,128.9914845,35.95797194,5,육군3사관학교의원,12.5,7.36,완료 (유클리드 1위 일치)
마마3975,129.047088,35.96628286,5,육군3사관학교치과의원,12.5,6.74,완료 (시간순 역전: 후보2 선정)
마마1478,128.7703334,35.99657818,19,청통보건지소,12.48,6.41,완료 (유클리드 1위 일치)
마마4784,129.137455,36.04621663,5,사리보건진료소,12.45,8.71,완료 (시간순 역전: 후보2 선정)
마마2387,128.8715663,36.07659908,5,화남보건지소,12.4,4.07,완료 (시간순 역전: 후보2 선정)
마마3270,128.9686456,35.92219324,8,북안보건지소,12.35,6.24,완료 (유클리드 1위 일치)
마마2982,128.9373628,36.03075301,68,평천보건진료소,12.32,7.01,완료 (시간순 역전: 후보2 선정)
마마2660,128.9005714,35.83285403,13,대창보건지소,12.3,6.45,완료 (유클리드 1위 일치)
마마2989,128.938511,36.09384403,8,화북보건지소,12.28,7.15,완료 (유클리드 1위 일치)
마마3574,129.0025702,35.95783363,88,육군3사관학교의원,12.25,6.62,완료 (유클리드 1위 일치)
마마2190,128.8498226,36.10389108,5,안천보건진료소,12.23,5.78,완료 (유클리드 1위 일치)
마마3864,129.0340855,35.86728425,38,명주보건진료소,12.22,7.78,완료 (유클리드 1위 일치)
마마4177,129.069618,35.98402007,8,고경보건지소,12.2,4.89,완료 (유클리드 1위 일치)
마마3896,129.0396851,36.15568982,8,보현보건진료소,12.2,3.77,완료 (유클리드 1위 일치)
마마3098,128.951109,36.17482579,5,상송보건진료소,12.18,4.82,복구완료 (인접도로 매핑 / 1위 일치)
마마3870,129.0351293,35.92136141,23,북안보건지소,12.13,5.4,완료 (시간순 역전: 후보2 선정)
마마3097,128.9509428,36.165813,28,상송보건진료소,12.13,4.82,완료 (유클리드 1위 일치)
마마2477,128.8810946,35.98633881,5,우천보건진료소,12.07,5.75,완료 (유클리드 1위 일치)
마마3068,128.9461556,35.90443595,144,의료법인동승의료재단 동승병원,12.05,4.96,완료 (시간순 역전: 후보2 선정)
마마4684,129.1263577,36.04636772,18,사리보건진료소,12.02,8.59,완료 (시간순 역전: 후보2 선정)
마마2983,128.9375266,36.03976606,28,화남보건지소,12,7.35,완료 (시간순 역전: 후보3 선정)
마마4277,129.0807069,35.98387446,8,고경보건지소,11.98,4.83,완료 (유클리드 1위 일치)
마마3764,129.0230126,35.86742516,8,명주보건진료소,11.95,5.53,완료 (유클리드 1위 일치)
마마4077,129.058529,35.98416466,38,고경보건지소,11.93,7.97,완료 (유클리드 1위 일치)
마마4484,129.1041627,36.04666681,5,사리보건진료소,11.93,7.59,완료 (시간순 역전: 후보2 선정)
마마3065,128.9456639,35.87739626,38,운천보건진료소,11.92,4.36,완료 (유클리드 1위 일치)
마마2883,128.9264291,36.03989862,123,화남보건지소,11.92,5.75,완료 (유클리드 1위 일치)
마마2994,128.9393334,36.13890862,8,상송보건진료소,11.92,4.03,완료 (유클리드 1위 일치)
마마3386,128.9824229,36.06626407,13,평천보건진료소,11.9,4.95,완료 (유클리드 1위 일치)
마마3294,128.9726672,36.13850332,5,상송보건진료소,11.88,7.88,완료 (유클리드 1위 일치)
마마2364,128.8679841,35.86929085,113,대창보건지소,11.88,5.94,완료 (유클리드 1위 일치)
마마3371,128.9798944,35.93107019,103,북안보건지소,11.82,6.11,완료 (유클리드 1위 일치)
마마4672,129.1241387,35.9382199,28,파계보건진료소,11.82,5.12,완료 (유클리드 1위 일치)
마마3675,129.0138279,35.96670714,5,육군3사관학교의원,11.8,7.15,완료 (유클리드 1위 일치)
마마2576,128.8920264,35.97719731,38,한의마을한의원,11.77,4.74,완료 (시간순 역전: 후보2 선정)
마마2684,128.904394,36.04917382,93,화남보건지소,11.75,5.04,완료 (유클리드 1위 일치)
마마1680,128.7928119,36.01436844,33,현대연합의원,11.68,5.92,완료 (유클리드 1위 일치)
마마4173,129.0689045,35.94796966,5,고경보건지소,11.63,7.66,완료 (시간순 역전: 후보2 선정)
마마1484,128.7712019,36.05066029,23,신령의원,11.58,8.16,완료 (시간순 역전: 후보3 선정)
마마2174,128.8473639,35.95967681,28,금호의원,11.55,4.5,완료 (시간순 역전: 후보2 선정)
마마4287,129.0825089,36.07399901,8,자양보건지소,11.52,7.95,완료 (시간순 역전: 후보2 선정)
마마4073,129.0578205,35.94811406,8,북안보건지소,11.52,7.59,완료 (시간순 역전: 후보2 선정)
마마1875,128.814253,35.96905929,59,청통보건지소,11.5,6.41,완료 (유클리드 1위 일치)
마마1586,128.7825942,36.06856924,5,신녕보건지소,11.48,4.08,완료 (유클리드 1위 일치)
마마4391,129.0943384,36.10990112,23,보현보건진료소,11.42,6.93,완료 (유클리드 1위 일치)
마마2574,128.89171,35.95917066,5,금호보건지소,11.42,3.73,완료 (시간순 역전: 후보3 선정)
마마3977,129.0474399,35.98430823,13,육군3사관학교치과의원,11.35,5.44,완료 (시간순 역전: 후보2 선정)
마마3179,128.9590565,36.00344594,68,영천 퍼스트 치과의원,11.33,10.88,완료 (시간순 역전: 후보2 선정)
마마4686,129.1267287,36.06439216,8,사리보건진료소,11.33,7.54,복구완료 (인접도로 매핑 / 시간역전: 후보2)
마마3580,129.003596,36.01191076,8,임고보건지소,11.33,3.9,완료 (유클리드 1위 일치)
마마3865,129.0342593,35.87629714,123,명주보건진료소,11.32,7.08,완료 (유클리드 1위 일치)
마마2781,128.9150091,36.02200387,68,영천요양병원,11.28,4.82,완료 (유클리드 1위 일치)
마마3589,129.00514,36.0930255,33,자양보건지소,11.23,4.6,완료 (유클리드 1위 일치)
마마2581,128.8928188,36.02226368,8,화남보건지소,11.22,8.75,완료 (시간순 역전: 후보3 선정)
마마2594,128.8948872,36.13943459,8,상송보건진료소,11.17,4.28,복구완료 (시간이상치 -> 주변평균 대체)
마마2662,128.9008884,35.85088099,5,대창보건지소,11.15,4.11,완료 (유클리드 1위 일치)
마마4288,129.0826895,36.08301139,23,자양보건지소,11.07,6.96,완료 (시간순 역전: 후보2 선정)
마마2987,128.9381826,36.0758181,5,화북보건지소,11.03,5.93,완료 (유클리드 1위 일치)
마마3267,128.9681459,35.8951539,13,운천보건진료소,11,6.17,완료 (시간순 역전: 후보2 선정)
마마2269,128.8576795,35.91448431,98,경북연합의원,11,5.33,완료 (시간순 역전: 후보3 선정)
마마2268,128.8575254,35.90547077,5,경북연합의원,10.95,5.84,완료 (시간순 역전: 후보3 선정)
마마2286,128.860308,36.06771236,8,화남보건지소,10.83,3.65,완료 (유클리드 1위 일치)
마마1678,128.7925176,35.99634117,52,청통보건지소,10.82,4.17,복구완료 (인접도로 매핑 / 1위 일치)
마마2772,128.9135614,35.94088491,28,의료법인동승의료재단 동승병원,10.8,6.35,완료 (시간순 역전: 후보2 선정)
마마2692,128.9056773,36.12127859,13,화북보건지소,10.77,3.31,완료 (유클리드 1위 일치)
마마2491,128.883301,36.11252416,13,안천보건진료소,10.75,4.25,완료 (유클리드 1위 일치)
마마2981,128.9371991,36.02173995,43,의료법인현보의료재단 해오름요양병원,10.73,4.82,완료 (시간순 역전: 후보2 선정)
마마3765,129.0231851,35.8764381,83,명주보건진료소,10.73,5.12,완료 (유클리드 1위 일치)
마마2074,128.8362772,35.95980079,163,청통보건지소,10.7,6.86,완료 (유클리드 1위 일치)
마마3265,128.9678132,35.8771276,23,명주보건진료소,10.7,4.51,완료 (유클리드 1위 일치)
마마2463,128.8789019,35.86015069,23,대창보건지소,10.7,4.19,완료 (유클리드 1위 일치)
마마3394,128.9837783,36.13836616,5,보현보건진료소,10.67,6.33,완료 (유클리드 1위 일치)
마마1679,128.7926647,36.00535482,88,청통보건지소,10.67,4.13,완료 (유클리드 1위 일치)
마마3079,128.9479642,36.00358038,13,영천 퍼스트 치과의원,10.65,9.86,완료 (시간순 역전: 후보2 선정)
마마3493,128.9947184,36.1292153,68,보현보건진료소,10.63,5.59,완료 (유클리드 1위 일치)
마마2969,128.9352399,35.91358212,123,의료법인동승의료재단 동승병원,10.62,7.99,복구완료 (시간이상치 -> 주변평균 대체)
마마3981,129.0481446,36.0203588,18,고경보건지소,10.62,4.68,완료 (유클리드 1위 일치)
마마1290,128.749858,36.10497571,18,신령의원,10.57,8.69,완료 (시간순 역전: 후보3 선정)
마마3986,129.0490272,36.06542169,8,평천보건진료소,10.53,7,완료 (시간순 역전: 후보3 선정)
마마4076,129.0583517,35.97515203,5,고경보건지소,10.53,7.23,완료 (유클리드 1위 일치)
마마3393,128.9836086,36.12935345,48,보현보건진료소,10.52,6.16,완료 (유클리드 1위 일치)
마마3496,128.9952315,36.15625326,5,보현보건진료소,10.48,6.77,완료 (유클리드 1위 일치)
마마1286,128.7492873,36.06892106,43,신령의원,10.48,5.63,완료 (시간순 역전: 후보3 선정)
마마4673,129.1243231,35.9472323,8,파계보건진료소,10.47,4.75,완료 (유클리드 1위 일치)
마마3168,128.957234,35.904302,220,의료법인동승의료재단 동승병원,10.43,5.87,완료 (시간순 역전: 후보2 선정)
마마2290,128.8609294,36.10376542,108,안천보건진료소,10.42,5.45,완료 (유클리드 1위 일치)
마마2984,128.9376905,36.04877909,58,평천보건진료소,10.4,5.48,완료 (유클리드 1위 일치)
마마2962,128.9341018,35.85048911,103,운천보건진료소,10.35,5.55,완료 (유클리드 1위 일치)
마마4474,129.1023379,35.95654279,13,파계보건진료소,10.3,5.77,완료 (유클리드 1위 일치)
마마2573,128.8915518,35.95015732,133,의료법인송학의료재단 효사랑요양병원,10.28,3.7,완료 (유클리드 1위 일치)
마마3085,128.9489544,36.05765843,8,평천보건진료소,10.22,4.76,완료 (유클리드 1위 일치)
마마1974,128.8251904,35.95992374,118,청통보건지소,10.22,5.73,완료 (유클리드 1위 일치)
마마4190,129.0719457,36.10118234,8,보현보건진료소,10.18,5.58,완료 (유클리드 1위 일치)
마마2188,128.8495143,36.0858645,23,안천보건진료소,10.18,4.71,완료 (유클리드 1위 일치)
마마1482,128.7709122,36.03263297,28,신령의원,10.18,3.17,완료 (시간순 역전: 후보3 선정)
마마4785,129.1376417,36.05522881,8,사리보건진료소,10.17,8.79,완료 (시간순 역전: 후보2 선정)
마마4070,129.05729,35.92107595,18,북안보건지소,10.08,9.92,완료 (시간순 역전: 후보2 선정)
마마2076,128.8365811,35.97782785,38,청통보건지소,10.07,4.81,완료 (유클리드 1위 일치)
마마2873,128.9248069,35.94976708,23,포도나무한의원,10.07,3.83,완료 (유클리드 1위 일치)
마마1381,128.7596714,36.02373638,5,현대연합의원,10.07,4.47,복구완료 (인접도로 매핑 / 1위 일치)
마마3362,128.9783854,35.84995233,18,명주보건진료소,10.02,3.79,완료 (유클리드 1위 일치)
마마3069,128.9463196,35.91344915,147,의료법인동승의료재단 동승병원,9.98,5.17,완료 (유클리드 1위 일치)
마마4586,129.1156287,36.06454231,23,사리보건진료소,9.97,7.18,완료 (시간순 역전: 후보2 선정)
마마1779,128.803758,36.00523474,78,청통보건지소,9.97,3.94,완료 (유클리드 1위 일치)
마마3972,129.0465608,35.9392447,48,북안보건지소,9.95,6.22,완료 (유클리드 1위 일치)
마마2483,128.8820385,36.04041859,18,화남보건지소,9.95,6.21,완료 (유클리드 1위 일치)
마마2677,128.9032749,35.98608139,38,영천요양병원,9.95,9.77,완료 (유클리드 1위 일치)
마마3167,128.9570688,35.89528883,43,운천보건진료소,9.9,6.04,완료 (유클리드 1위 일치)
마마2997,128.9398277,36.1659472,13,상송보건진료소,9.9,4.22,완료 (유클리드 1위 일치)
마마1385,128.7602459,36.05979116,314,신령의원,9.88,5.95,완료 (시간순 역전: 후보3 선정)
마마3379,128.9812408,36.00317399,58,임고보건지소,9.87,5.3,완료 (시간순 역전: 후보3 선정)
마마2291,128.8610849,36.11277865,13,안천보건진료소,9.83,5.36,완료 (유클리드 1위 일치)
마마3185,128.9600543,36.05752373,18,평천보건진료소,9.82,4.66,완료 (유클리드 1위 일치)
마마2980,128.9370354,36.01272688,58,의료법인현보의료재단 해오름요양병원,9.77,3.58,완료 (유클리드 1위 일치)
마마4283,129.0817871,36.03794936,18,사리보건진료소,9.73,8.8,복구완료 (시간이상치 -> 주변평균 대체)
마마3976,129.0472639,35.97529556,53,육군3사관학교치과의원,9.72,6,완료 (시간순 역전: 후보2 선정)
마마2663,128.901047,35.85989445,53,대창보건지소,9.72,3.73,완료 (유클리드 1위 일치)
마마2085,128.8379518,36.05894894,63,신녕보건지소,9.72,6.84,완료 (시간순 역전: 후보3 선정)
마마3770,129.0240489,35.9215026,5,북안보건지소,9.7,4.76,완료 (시간순 역전: 후보2 선정)
마마1676,128.7922235,35.97831385,63,청통보건지소,9.68,5.26,완료 (유클리드 1위 일치)
마마2878,128.9256171,35.99483303,108,의료법인현보의료재단 해오름요양병원,9.67,9.74,완료 (유클리드 1위 일치)
마마1480,128.7706226,36.0146056,83,현대연합의원,9.63,4.1,완료 (유클리드 1위 일치)
마마3073,128.9469766,35.94950181,23,다산한의원,9.63,3.15,완료 (유클리드 1위 일치)
마마4292,129.0834128,36.11906075,63,보현보건진료소,9.63,6.05,복구완료 (시간이상치 -> 주변평균 대체)
마마3885,129.0377513,36.05655206,5,사리보건진료소,9.58,8.55,복구완료 (시간이상치 -> 주변평균 대체)
마마2273,128.8582962,35.95053834,141,금호의원,9.58,3.97,완료 (유클리드 1위 일치)
마마3890,129.0386291,36.10161489,5,자양보건지소,9.55,4.12,완료 (유클리드 1위 일치)
마마3479,128.9923329,36.00303648,58,육군3사관학교의원,9.55,4.95,완료 (유클리드 1위 일치)
마마3083,128.948624,36.03963247,8,평천보건진료소,9.53,5.05,복구완료 (시간이상치 -> 주변평균 대체)
마마3985,129.0488505,36.05640914,5,사리보건진료소,9.53,7.74,복구완료 (시간이상치 -> 주변평균 대체)
마마2782,128.9151703,36.03101702,23,영천요양병원,9.52,6.5,완료 (시간순 역전: 후보2 선정)
마마4291,129.0832319,36.11004844,68,보현보건진료소,9.5,6.2,완료 (유클리드 1위 일치)
마마1582,128.7820093,36.03251483,18,현대연합의원,9.48,2.82,완료 (유클리드 1위 일치)
마마2784,128.9154929,36.04904327,23,화남보건지소,9.47,4.43,완료 (유클리드 1위 일치)
마마4273,129.0799884,35.94782423,8,파계보건진료소,9.47,5.26,완료 (유클리드 1위 일치)
마마2185,128.8490524,36.05882451,8,화남보건지소,9.4,4.35,완료 (시간순 역전: 후보2 선정)
마마1776,128.803313,35.97819389,13,청통보건지소,9.38,5.45,완료 (유클리드 1위 일치)
마마2965,128.9345891,35.87752906,33,운천보건진료소,9.35,3.68,완료 (유클리드 1위 일치)
마마2678,128.9034346,35.99509464,18,영천요양병원,9.33,8.88,완료 (유클리드 1위 일치)
마마3263,128.9674807,35.85910125,8,운천보건진료소,9.33,3.02,완료 (유클리드 1위 일치)
마마2466,128.8793706,35.88719124,48,대창보건지소,9.33,3.87,완료 (유클리드 1위 일치)
마마3575,129.002741,35.96684652,8,의료법인자혜의료재단 영천제이병원,9.32,8.39,완료 (시간순 역전: 후보3 선정)
마마2862,128.9230307,35.85062076,98,운천보건진료소,9.32,5.13,완료 (유클리드 1위 일치)
마마3682,129.0150343,36.02979666,28,임고보건지소,9.32,4.79,완료 (시간순 역전: 후보2 선정)
마마3662,129.0115972,35.84953904,5,명주보건진료소,9.3,3.4,완료 (유클리드 1위 일치)
마마3080,128.948129,36.01259342,8,현대중앙의원,9.3,3.21,완료 (시간순 역전: 후보2 선정)
마마4471,129.1017921,35.9295053,5,파계보건진료소,9.28,5.8,완료 (유클리드 1위 일치)
마마1677,128.7923705,35.98732752,58,청통보건지소,9.27,4.19,완료 (유클리드 1위 일치)
마마4671,129.1239543,35.92920749,13,파계보건진료소,9.23,6.66,완료 (유클리드 1위 일치)
마마3767,129.0235304,35.89446394,148,북안동산의원,9.23,3.65,완료 (유클리드 1위 일치)
마마2595,128.8950469,36.14844764,33,상송보건진료소,9.22,2.46,완료 (유클리드 1위 일치)
마마1488,128.7717823,36.08671475,5,신령의원,9.18,5.63,복구완료 (인접도로 매핑 / 시간역전: 후보3)
마마2382,128.8707844,36.03153271,5,화산보건지소,9.18,2.93,완료 (시간순 역전: 후보2 선정)
마마2988,128.9383468,36.08483107,43,화북보건지소,9.15,6.11,완료 (유클리드 1위 일치)
마마2468,128.8796834,35.9052182,263,바위치과의원,9.13,4.63,완료 (시간순 역전: 후보3 선정)
마마2179,128.8481304,36.00474416,38,우천보건진료소,9.13,3.28,완료 (시간순 역전: 후보2 선정)
마마2762,128.9119596,35.85075139,18,운천보건진료소,9.07,4.6,완료 (시간순 역전: 후보2 선정)
마마2968,128.9350771,35.90456888,118,의료법인동승의료재단 동승병원,9.03,4.16,완료 (시간순 역전: 후보2 선정)
마마3671,129.0131401,35.93065567,92,북안보건지소,9.02,7.5,복구완료 (시간이상치 -> 주변평균 대체)
마마3762,129.0226677,35.84939923,18,명주보건진료소,9.02,2.92,복구완료 (시간이상치 -> 주변평균 대체)
마마3886,129.0379267,36.06556465,8,평천보건진료소,9.02,5.99,완료 (시간순 역전: 후보3 선정)
마마3275,128.9694799,35.96725851,13,이동준내과의원,9,3.27,완료 (시간순 역전: 후보3 선정)
마마3776,129.025088,35.97557953,83,육군3사관학교의원,8.98,3.75,완료 (유클리드 1위 일치)
마마3387,128.9825921,36.07527688,5,평천보건진료소,8.97,4.17,복구완료 (인접도로 매핑 / 시간역전: 후보2)
마마2893,128.9280586,36.13002873,28,화북보건지소,8.95,3.81,완료 (유클리드 1위 일치)
마마4781,129.1368954,36.01918002,18,삼포보건진료소,8.95,4.8,완료 (유클리드 1위 일치)
마마4174,129.0690827,35.95698228,8,고경보건지소,8.92,6.51,완료 (시간순 역전: 후보2 선정)
마마2083,128.8376467,36.04092213,23,신녕보건지소,8.9,5.65,완료 (시간순 역전: 후보3 선정)
마마4188,129.0715867,36.08315754,28,자양보건지소,8.9,6.21,완료 (시간순 역전: 후보2 선정)
마마3495,128.9950604,36.14724062,43,보현보건진료소,8.9,5.71,완료 (유클리드 1위 일치)
마마2368,128.8686045,35.905345,68,경북연합의원,8.83,4.27,완료 (시간순 역전: 후보2 선정)
마마2991,128.9388397,36.11186991,8,화북보건지소,8.83,5.35,완료 (유클리드 1위 일치)
마마1984,128.8266998,36.0500589,18,신녕보건지소,8.83,6.1,완료 (유클리드 1위 일치)
마마1880,128.8150009,36.01412718,33,청통보건지소,8.78,3.68,완료 (유클리드 1위 일치)
마마3292,128.9723304,36.12047779,5,화북보건지소,8.78,6.43,완료 (유클리드 1위 일치)
마마2265,128.8570638,35.87843006,139,대창보건지소,8.77,4.92,완료 (유클리드 1위 일치)
마마3663,129.0117684,35.85855205,5,명주보건진료소,8.73,2.45,완료 (유클리드 1위 일치)
마마2075,128.8364291,35.96881433,48,금호의원,8.72,6.41,완료 (시간순 역전: 후보3 선정)
마마2771,128.9134009,35.93187162,464,의료법인동승의료재단 동승병원,8.72,5.84,완료 (유클리드 1위 일치)
마마3295,128.9728357,36.14751606,28,상송보건진료소,8.7,6.5,완료 (유클리드 1위 일치)
마마2082,128.8374943,36.0319087,252,화산보건지소,8.7,4.24,완료 (시간순 역전: 후보2 선정)
마마4780,129.136709,36.01016779,18,삼포보건진료소,8.7,4.84,완료 (유클리드 1위 일치)
마마2389,128.8718795,36.09462553,8,안천보건진료소,8.68,4.08,완료 (유클리드 1위 일치)
마마3561,129.0003569,35.84066474,18,명주보건진료소,8.68,5.79,완료 (유클리드 1위 일치)
마마4175,129.0692611,35.96599489,73,고경보건지소,8.68,5.92,완료 (시간순 역전: 후보2 선정)
마마2386,128.8714097,36.06758583,53,화남보건지소,8.67,3.08,완료 (유클리드 1위 일치)
마마3567,129.0013768,35.89474299,93,북안동산의원,8.67,3.43,완료 (유클리드 1위 일치)
마마1288,128.7495725,36.08694842,8,신령의원,8.67,6.75,완료 (시간순 역전: 후보3 선정)
마마2882,128.9262666,36.03088553,48,의료법인현보의료재단 해오름요양병원,8.6,5.43,완료 (시간순 역전: 후보3 선정)
마마2474,128.8806236,35.95929874,93,금호보건지소,8.57,3.3,완료 (시간순 역전: 후보2 선정)
마마4478,129.1030669,35.99259257,43,파계보건진료소,8.48,4.72,완료 (시간순 역전: 후보2 선정)
마마2183,128.8487448,36.04079778,38,화남보건지소,8.48,4.44,완료 (시간순 역전: 후보3 선정)
마마2670,128.9021592,35.92298827,58,참사랑 연합의원,8.47,3.86,완료 (시간순 역전: 후보2 선정)
마마2283,128.8598427,36.04067241,5,화남보건지소,8.45,4.43,완료 (시간순 역전: 후보3 선정)
마마1882,128.8153005,36.03215423,108,현대연합의원,8.45,4.52,완료 (시간순 역전: 후보2 선정)
마마3183,128.9597214,36.03949786,5,임고보건지소,8.37,2.82,완료 (시간순 역전: 후보2 선정)
마마1982,128.8263974,36.03203198,63,화산보건지소,8.37,3.7,완료 (유클리드 1위 일치)
마마2582,128.8929775,36.03127692,98,암기보건진료소,8.37,7.31,완료 (시간순 역전: 후보2 선정)
마마2264,128.8569101,35.86941647,78,대창보건지소,8.37,4.85,완료 (유클리드 1위 일치)
마마4280,129.0812467,36.01091197,8,고경보건지소,8.3,4.28,완료 (시간순 역전: 후보2 선정)
마마4278,129.0808867,35.99288698,33,고경보건지소,8.28,3.85,완료 (시간순 역전: 후보2 선정)
마마3195,128.9617232,36.14765224,33,상송보건진료소,8.27,5.67,완료 (유클리드 1위 일치)
마마3084,128.9487892,36.04864546,93,평천보건진료소,8.23,4.58,완료 (유클리드 1위 일치)
마마3486,128.9935238,36.06612624,33,평천보건진료소,8.22,3.85,완료 (시간순 역전: 후보2 선정)
마마3881,129.0370504,36.02050153,13,고경보건지소,8.22,4.04,완료 (유클리드 1위 일치)
마마1885,128.8157504,36.05919471,28,신녕보건지소,8.2,3.39,완료 (유클리드 1위 일치)
마마3272,128.9689791,35.94021939,58,의료법인동승의료재단 동승병원,8.18,4.85,완료 (시간순 역전: 후보2 선정)
마마2676,128.9031153,35.97706813,58,한의마을한의원,8.15,3.77,완료 (유클리드 1위 일치)
마마3672,129.013312,35.93966856,43,북안보건지소,8.12,3.56,완료 (유클리드 1위 일치)
마마1876,128.8144024,35.9780729,80,청통보건지소,8.12,5,완료 (유클리드 1위 일치)
마마2780,128.9148479,36.01299071,93,영천요양병원,8.12,3.76,완료 (유클리드 1위 일치)
마마2674,128.9027963,35.95904157,63,영남대학교의과대학부속 영천병원,8.1,2.21,완료 (시간순 역전: 후보2 선정)
마마1786,128.8047985,36.06832956,8,신녕보건지소,8.1,3.18,완료 (유클리드 1위 일치)
마마3378,128.9810723,35.99416107,193,육군3사관학교의원,8.08,3.84,완료 (유클리드 1위 일치)
마마3872,129.0354779,35.93938701,5,북안보건지소,8.05,5.34,완료 (유클리드 1위 일치)
마마3169,128.9573993,35.91331516,103,의료법인동승의료재단 동승병원,8.05,4.45,완료 (유클리드 1위 일치)
마마2366,128.8682941,35.88731795,28,대창보건지소,8.03,4.53,완료 (유클리드 1위 일치)
마마2084,128.8377992,36.04993554,83,신녕보건지소,8,5.79,완료 (시간순 역전: 후보3 선정)
마마2979,128.9368718,36.00371379,18,의료법인현보의료재단 해오름요양병원,8,2.71,완료 (유클리드 1위 일치)
마마3980,129.0479683,36.01134618,8,고경보건지소,7.98,3.99,완료 (유클리드 1위 일치)
마마4091,129.0610186,36.11033998,13,보현보건진료소,7.98,4.49,완료 (유클리드 1위 일치)
마마2079,128.8370374,36.00486834,8,청통보건지소,7.98,3.2,완료 (유클리드 1위 일치)
마마2887,128.9270801,36.07595083,68,화북보건지소,7.98,5.12,완료 (시간순 역전: 후보2 선정)
마마3481,128.9926728,36.0210622,113,임고보건지소,7.97,3,완료 (유클리드 1위 일치)
마마4191,129.0721253,36.11019472,28,보현보건진료소,7.97,5.02,완료 (유클리드 1위 일치)
마마3895,129.0395089,36.14667737,13,보현보건진료소,7.9,2.62,완료 (유클리드 1위 일치)
마마2888,128.927243,36.08496385,83,화북보건지소,7.9,5.1,완료 (유클리드 1위 일치)
마마2570,128.8910779,35.9231172,103,오천한의원,7.88,3.59,완료 (시간순 역전: 후보3 선정)
마마3392,128.983439,36.12034072,5,보현보건진료소,7.88,5.45,복구완료 (인접도로 매핑 / 1위 일치)
마마4581,129.1147082,36.01948087,5,삼포보건진료소,7.88,2.68,완료 (유클리드 1위 일치)
마마3877,129.0363507,35.98445078,8,육군3사관학교치과의원,7.78,4.48,완료 (시간순 역전: 후보2 선정)
마마2467,128.879527,35.89620472,88,대창보건지소,7.77,3.72,완료 (유클리드 1위 일치)
마마2481,128.8817236,36.02239205,5,암기보건진료소,7.75,3.67,완료 (유클리드 1위 일치)
마마2488,128.882827,36.08548467,28,안천보건진료소,7.7,2.75,완료 (유클리드 1위 일치)
마마2881,128.9261041,36.02187242,118,의료법인현보의료재단 해오름요양병원,7.7,4.17,완료 (유클리드 1위 일치)
마마1681,128.7929591,36.02338206,38,현대연합의원,7.67,2.35,완료 (유클리드 1위 일치)
마마3166,128.9569036,35.88627564,13,운천보건진료소,7.67,4.83,완료 (유클리드 1위 일치)
마마3475,128.991654,35.96698488,73,육군3사관학교의원,7.65,4.85,완료 (유클리드 1위 일치)
마마1975,128.8253411,35.96893732,153,청통보건지소,7.63,4.82,완료 (유클리드 1위 일치)
마마1686,128.7936964,36.06844992,8,신녕보건지소,7.63,3.05,완료 (유클리드 1위 일치)
마마4183,129.0706906,36.03809527,33,사리보건진료소,7.63,7.12,복구완료 (시간이상치 -> 주변평균 대체)
마마2577,128.8921848,35.98621061,23,우천보건진료소,7.62,4.55,완료 (유클리드 1위 일치)
마마2690,128.9053561,36.10325248,23,안천보건진료소,7.58,3.21,완료 (시간순 역전: 후보2 선정)
마마2580,128.8926602,36.01325044,138,암기보건진료소,7.57,6.14,완료 (시간순 역전: 후보3 선정)
마마2486,128.8825114,36.06745828,38,화남보건지소,7.57,2.03,완료 (유클리드 1위 일치)
마마2462,128.8787458,35.85113715,5,대창보건지소,7.55,3.36,복구완료 (인접도로 매핑 / 1위 일치)
마마2288,128.8606186,36.08573892,53,안천보건진료소,7.5,3.94,완료 (유클리드 1위 일치)
마마2279,128.8592233,36.00461895,63,화산보건지소,7.5,2.5,완료 (유클리드 1위 일치)
마마2490,128.8831429,36.10351101,58,안천보건진료소,7.48,3.39,완료 (유클리드 1위 일치)
마마3469,128.990638,35.91290704,5,북안동산의원,7.47,2.06,완료 (시간순 역전: 후보2 선정)
마마4372,129.0908915,35.93866524,8,파계보건진료소,7.45,4.71,복구완료 (인접도로 매핑 / 1위 일치)
마마1778,128.8036096,35.99622113,184,청통보건지소,7.45,3.4,완료 (유클리드 1위 일치)
마마4377,129.0917958,35.98372781,78,파계보건진료소,7.45,4.69,완료 (유클리드 1위 일치)
마마2175,128.847517,35.96869031,8,금호의원,7.43,5.41,완료 (시간순 역전: 후보3 선정)
마마3093,128.9502788,36.1297617,53,화북보건지소,7.43,4.27,완료 (유클리드 1위 일치)
마마3480,128.9925028,36.01204935,133,임고보건지소,7.42,4.39,완료 (유클리드 1위 일치)
마마2080,128.8371896,36.01388181,33,화산보건지소,7.42,3.42,완료 (유클리드 1위 일치)
마마4088,129.0604838,36.08330265,18,자양보건지소,7.4,5.2,완료 (유클리드 1위 일치)
마마1877,128.8145519,35.98708649,23,청통보건지소,7.38,3.58,완료 (유클리드 1위 일치)
마마3768,129.0237032,35.90347684,5,북안동산의원,7.38,3.81,완료 (유클리드 1위 일치)
마마3568,129.0015471,35.90375598,48,북안동산의원,7.38,2.95,완료 (유클리드 1위 일치)
마마1387,128.7605335,36.07781846,58,신령의원,7.35,5.09,완료 (시간순 역전: 후보3 선정)
마마3693,129.0169377,36.12893592,63,보현보건진료소,7.35,3.24,완료 (유클리드 1위 일치)
마마1188,128.7384676,36.08706371,8,부산보건진료소,7.35,4.39,완료 (유클리드 1위 일치)
마마2996,128.9396628,36.15693435,28,상송보건진료소,7.33,3.54,완료 (유클리드 1위 일치)
마마4571,129.1128732,35.92935691,23,파계보건진료소,7.3,5.53,완료 (유클리드 1위 일치)
마마1881,128.8151507,36.02314071,78,현대연합의원,7.3,3.89,완료 (시간순 역전: 후보2 선정)
마마4383,129.0928835,36.03780243,5,사리보건진료소,7.25,3.97,완료 (시간순 역전: 후보2 선정)
마마2967,128.9349144,35.89555562,43,호남보건진료소,7.23,2.52,완료 (유클리드 1위 일치)
마마3871,129.0353036,35.93037422,5,북안보건지소,7.22,4.76,완료 (유클리드 1위 일치)
마마3192,128.9612218,36.12061383,8,화북보건지소,7.2,5.12,완료 (유클리드 1위 일치)
마마1581,128.7818633,36.02350119,33,현대연합의원,7.2,2.94,완료 (유클리드 1위 일치)
마마2285,128.8601529,36.05869906,68,화남보건지소,7.2,3.76,완료 (유클리드 1위 일치)
마마2869,128.92416,35.91371407,28,호남보건진료소,7.18,3.65,완료 (유클리드 1위 일치)
마마2789,128.9163008,36.09410864,33,화북보건지소,7.13,3.7,완료 (유클리드 1위 일치)
마마4385,129.0932468,36.05582719,33,사리보건진료소,7.13,5.37,완료 (유클리드 1위 일치)
마마2792,128.9167864,36.1211477,8,화북보건지소,7.12,1.94,완료 (유클리드 1위 일치)
마마1585,128.7824479,36.05955566,8,신녕보건지소,7.12,3.95,복구완료 (시간이상치 -> 주변평균 대체)
마마3464,128.9897934,35.86784179,98,명주보건진료소,7.07,3.82,완료 (유클리드 1위 일치)
마마0983,128.7155638,36.04222215,38,부산보건진료소,7.05,3.76,완료 (유클리드 1위 일치)
마마3274,128.9693129,35.95824549,5,이동준내과의원,7.05,2.75,완료 (시간순 역전: 후보3 선정)
마마2390,128.8720362,36.10363873,8,안천보건진료소,7.05,3.67,완료 (유클리드 1위 일치)
마마2691,128.9055167,36.11226555,18,화북보건지소,7,2.3,완료 (유클리드 1위 일치)
마마3494,128.9948894,36.13822797,88,보현보건진료소,6.97,4.61,완료 (유클리드 1위 일치)
마마0886,128.7048772,36.06937576,5,부산보건진료소,6.9,3.64,완료 (유클리드 1위 일치)
마마2578,128.8923432,35.9952239,248,우천보건진료소,6.9,4.36,완료 (유클리드 1위 일치)
마마3793,129.0280473,36.12879468,38,보현보건진료소,6.9,3.63,완료 (유클리드 1위 일치)
마마3783,129.0263038,36.03866862,48,사리보건진료소,6.88,4.06,완료 (유클리드 1위 일치)
마마1088,128.7273625,36.08717797,58,부산보건진료소,6.87,4.11,완료 (유클리드 1위 일치)
마마4572,129.1130563,35.93836937,23,파계보건진료소,6.87,4.86,완료 (유클리드 1위 일치)
마마4179,129.0699752,36.00204519,118,삼포보건진료소,6.82,4.54,완료 (시간순 역전: 후보2 선정)
마마2275,128.8586049,35.96856527,143,우천보건진료소,6.82,3.46,완료 (유클리드 1위 일치)
마마2464,128.879058,35.86916422,42,대창보건지소,6.8,3.16,완료 (유클리드 1위 일치)
마마3180,128.9592226,36.01245894,18,임고보건지소,6.75,3.75,완료 (유클리드 1위 일치)
마마3382,128.981747,36.03021268,118,임고보건지소,6.73,2.53,완료 (시간순 역전: 후보2 선정)
마마2895,128.9283854,36.14805458,28,상송보건진료소,6.73,2.65,완료 (유클리드 1위 일치)
마마2480,128.8815662,36.01337876,70,암기보건진료소,6.72,5.67,완료 (시간순 역전: 후보2 선정)
마마2699,128.906804,36.18436953,23,상송보건진료소,6.72,5.31,완료 (유클리드 1위 일치)
마마3271,128.9688123,35.93120632,5,의료법인동승의료재단 동승병원,6.7,4.88,완료 (유클리드 1위 일치)
마마4373,129.0910722,35.94767778,43,파계보건진료소,6.68,4.21,완료 (유클리드 1위 일치)
마마2978,128.9367083,35.99470068,5,의료법인현보의료재단 해오름요양병원,6.68,2.94,완료 (유클리드 1위 일치)
마마1486,128.771492,36.06868754,33,신령의원,6.68,4.22,완료 (시간순 역전: 후보2 선정)
마마2788,128.9161391,36.0850956,88,화북보건지소,6.67,3.57,완료 (시간순 역전: 후보2 선정)
마마3866,129.0344331,35.88531002,53,명주보건진료소,6.67,4.72,완료 (유클리드 1위 일치)
마마3071,128.946648,35.93147551,1190,의료법인동승의료재단 동승병원,6.65,3.18,완료 (유클리드 1위 일치)
마마2666,128.9015232,35.88693474,133,호남보건진료소,6.65,3.27,완료 (시간순 역전: 후보2 선정)
마마3889,129.0384534,36.09260235,63,자양보건지소,6.63,3.34,완료 (유클리드 1위 일치)
마마3868,129.0347811,35.90333574,80,북안동산의원,6.63,3.64,완료 (유클리드 1위 일치)
마마3570,129.0018878,35.92178192,48,북안보건지소,6.62,5.36,복구완료 (시간이상치 -> 주변평균 대체)
마마2765,128.9124394,35.87779159,8,호남보건진료소,6.62,3.24,완료 (시간순 역전: 후보2 선정)
마마4378,129.0919769,35.99274029,83,삼포보건진료소,6.58,3.5,완료 (유클리드 1위 일치)
마마2797,128.9175971,36.16621251,23,상송보건진료소,6.57,2.91,완료 (유클리드 1위 일치)
마마3485,128.9933534,36.05711346,143,평천보건진료소,6.55,3.18,완료 (유클리드 1위 일치)
마마3665,129.0121109,35.87657804,23,명주보건진료소,6.55,2.6,완료 (유클리드 1위 일치)
마마2274,128.8584505,35.95955181,8,금호의원,6.52,4.18,완료 (유클리드 1위 일치)
마마2568,128.8907623,35.90509038,188,대창보건지소,6.52,4.08,완료 (시간순 역전: 후보2 선정)
마마3676,129.014,35.97571997,5,육군3사관학교의원,6.5,2.78,완료 (유클리드 1위 일치)
마마3683,129.015207,36.03880939,118,사리보건진료소,6.47,4.86,완료 (시간순 역전: 후보2 선정)
마마1780,128.8039064,36.01424832,83,현대연합의원,6.4,3.81,완료 (시간순 역전: 후보2 선정)
마마3375,128.980567,35.96712221,58,육군3사관학교의원,6.4,4.03,완료 (유클리드 1위 일치)
마마1384,128.7601022,36.05077748,8,신령의원,6.37,2.81,완료 (시간순 역전: 후보2 선정)
마마2289,128.860774,36.09475218,5,안천보건진료소,6.37,3.83,완료 (유클리드 1위 일치)
마마4282,129.0816069,36.02893691,8,사리보건진료소,6.35,3.84,완료 (시간순 역전: 후보2 선정)
마마4578,129.1141568,35.99244383,5,파계보건진료소,6.33,4.15,완료 (시간순 역전: 후보2 선정)
마마2184,128.8488985,36.04981115,28,화남보건지소,6.3,4.25,완료 (시간순 역전: 후보3 선정)
마마3778,129.025435,35.99360505,8,육군3사관학교치과의원,6.3,3.71,완료 (시간순 역전: 후보2 선정)
마마4472,129.101974,35.93851781,13,파계보건진료소,6.28,4.4,완료 (유클리드 1위 일치)
마마2872,128.9246451,35.94075385,109,의료법인동승의료재단 동승병원,6.28,2.98,완료 (유클리드 1위 일치)
마마1976,128.8254918,35.97795089,178,청통보건지소,6.27,3.65,완료 (유클리드 1위 일치)
마마1781,128.8040549,36.0232619,143,현대연합의원,6.23,3.16,완료 (시간순 역전: 후보2 선정)
마마3588,129.0049681,36.08401281,28,자양보건지소,6.23,3.28,완료 (유클리드 1위 일치)
마마2473,128.8804667,35.95028535,128,금호보건지소,6.22,2.24,완료 (유클리드 1위 일치)
마마2783,128.9153316,36.04003015,263,화남보건지소,6.22,3.68,완료 (유클리드 1위 일치)
마마3766,129.0233577,35.88545103,23,명주보건진료소,6.2,3.61,완료 (유클리드 1위 일치)
마마3385,128.9822538,36.05725124,48,평천보건진료소,6.19,2.77,복구완료 (시간이상치 -> 주변평균 대체)
마마4683,129.1261723,36.03735548,5,삼포보건진료소,6.18,2.88,복구완료 (인접도로 매핑 / 1위 일치)
마마0884,128.7046023,36.05134805,5,부산보건진료소,6.17,3.14,완료 (유클리드 1위 일치)
마마3581,129.0037673,36.02092357,18,임고보건지소,6.17,3.32,완료 (유클리드 1위 일치)
마마1777,128.8034613,35.98720752,72,청통보건지소,6.15,3.47,완료 (유클리드 1위 일치)
마마1782,128.8042035,36.03227546,138,현대연합의원,6.15,3.21,완료 (시간순 역전: 후보2 선정)
마마3172,128.9578957,35.94035454,188,의료법인동승의료재단 동승병원,6.15,3.46,완료 (유클리드 1위 일치)
마마3787,129.0270003,36.07471922,5,자양보건지소,6.13,3.41,완료 (유클리드 1위 일치)
마마2369,128.8687597,35.9143585,304,경북연합의원,6.13,3.15,완료 (시간순 역전: 후보3 선정)
마마3482,128.9928428,36.03007504,168,임고보건지소,6.13,3.39,완료 (시간순 역전: 후보2 선정)
마마4176,129.0694395,35.97500749,8,고경보건지소,6.12,4.44,완료 (유클리드 1위 일치)
마마3174,128.958227,35.95838073,88,다산한의원,6.12,1.99,완료 (시간순 역전: 후보2 선정)
마마2890,128.927569,36.10298984,13,화북보건지소,6.1,2.66,완료 (유클리드 1위 일치)
마마1979,128.8259443,36.0049915,73,청통보건지소,6.08,2.75,완료 (유클리드 1위 일치)
마마2880,128.9259417,36.0128593,83,의료법인현보의료재단 해오름요양병원,6.07,3.01,완료 (유클리드 1위 일치)
마마3470,128.9908072,35.92192005,13,북안보건지소,6.05,3.01,완료 (유클리드 1위 일치)
마마4573,129.1132396,35.94738182,8,파계보건진료소,6.05,3.57,완료 (유클리드 1위 일치)
마마3376,128.9807354,35.97613517,108,육군3사관학교의원,6.03,3.39,완료 (유클리드 1위 일치)
마마3365,128.9788877,35.87699174,48,명주보건진료소,6,1.77,완료 (유클리드 1위 일치)
마마2668,128.9018411,35.90496153,78,호남보건진료소,6,2.57,완료 (유클리드 1위 일치)
마마1485,128.7713469,36.05967392,78,신령의원,5.95,3.61,완료 (시간순 역전: 후보2 선정)
마마3091,128.9499473,36.11173597,93,화북보건지소,5.93,3.88,완료 (유클리드 1위 일치)
마마3380,128.9814095,36.0121869,103,임고보건지소,5.93,2.41,완료 (유클리드 1위 일치)
마마2686,128.9047144,36.0672001,163,화남보건지소,5.92,1.89,완료 (유클리드 1위 일치)
마마2271,128.8579877,35.93251136,53,경북연합의원,5.92,4.47,완료 (시간순 역전: 후보3 선정)
마마3165,128.9567386,35.87726244,33,운천보건진료소,5.9,3.68,완료 (유클리드 1위 일치)
마마3685,129.0155525,36.05683481,43,평천보건진료소,5.9,3.58,완료 (시간순 역전: 후보2 선정)
마마1783,128.8043522,36.041289,103,신녕보건지소,5.9,2.58,완료 (유클리드 1위 일치)
마마2374,128.8695371,35.95942578,5,금호의원,5.88,3.68,완료 (시간순 역전: 후보2 선정)
마마2687,128.9048748,36.07621321,88,화북보건지소,5.87,4.49,완료 (시간순 역전: 후보3 선정)
마마3184,128.9598878,36.0485108,18,평천보건진료소,5.85,3.05,완료 (유클리드 1위 일치)
마마1980,128.8260953,36.01400501,143,화산보건지소,5.83,2.97,완료 (시간순 역전: 후보2 선정)
마마2964,128.9344266,35.86851576,78,운천보건진료소,5.83,2.74,완료 (유클리드 1위 일치)
마마2569,128.8909201,35.91410379,179,오천한의원,5.82,3.1,완료 (시간순 역전: 후보2 선정)
마마2763,128.9121195,35.8597648,58,대창보건지소,5.8,2.69,완료 (유클리드 1위 일치)
마마3771,129.0242219,35.93051546,108,북안보건지소,5.8,3.83,완료 (유클리드 1위 일치)
마마4180,129.0701539,36.01105773,33,고경보건지소,5.75,2.98,완료 (유클리드 1위 일치)
마마3684,129.0153797,36.04782211,5,평천보건진료소,5.73,3.75,완료 (유클리드 1위 일치)
마마2284,128.8599978,36.04968574,18,화남보건지소,5.72,3.77,완료 (시간순 역전: 후보2 선정)
마마2583,128.8931363,36.04029013,43,화남보건지소,5.7,2.31,완료 (유클리드 1위 일치)
마마4682,129.125987,36.02834323,18,삼포보건진료소,5.68,3.24,완료 (유클리드 1위 일치)
마마2779,128.9146869,36.00397753,250,영천요양병원,5.67,2.61,완료 (유클리드 1위 일치)
마마2683,128.904234,36.04016065,118,화남보건지소,5.65,3.51,완료 (유클리드 1위 일치)
마마3869,129.0349552,35.91234858,8,북안동산의원,5.63,3.47,완료 (유클리드 1위 일치)
마마3363,128.9785527,35.85896548,13,명주보건진료소,5.62,2.62,완료 (유클리드 1위 일치)
마마1977,128.8256425,35.98696444,358,청통보건지소,5.62,2.31,완료 (유클리드 1위 일치)
마마2077,128.8367331,35.98684136,5,청통보건지소,5.62,2.68,완료 (유클리드 1위 일치)
마마3178,128.9588904,35.99443293,1278,현대중앙의원,5.62,1.97,완료 (유클리드 1위 일치)
마마2562,128.8898171,35.85100958,73,대창보건지소,5.6,3.12,완료 (유클리드 1위 일치)
마마3278,128.9699814,35.99429751,163,영천 퍼스트 치과의원,5.6,2.37,완료 (시간순 역전: 후보3 선정)
마마2572,128.8913938,35.94114396,138,오천한의원,5.58,3,완료 (시간순 역전: 후보3 선정)
마마2484,128.882196,36.04943183,88,화남보건지소,5.58,2.26,완료 (유클리드 1위 일치)
마마4479,129.1032493,36.00160498,8,삼포보건진료소,5.57,2.88,복구완료 (인접도로 매핑 / 1위 일치)
마마2879,128.9257794,36.00384617,58,의료법인현보의료재단 해오름요양병원,5.55,2.46,완료 (유클리드 1위 일치)
마마0984,128.7157024,36.05123599,73,부산보건진료소,5.55,3.03,완료 (유클리드 1위 일치)
마마3769,129.023876,35.91248973,48,북안동산의원,5.53,2.68,완료 (유클리드 1위 일치)
마마3680,129.0146892,36.01177116,5,고경보건지소,5.53,4.43,완료 (유클리드 1위 일치)
마마3594,129.0060003,36.13808875,63,보현보건진료소,5.5,3.56,완료 (유클리드 1위 일치)
마마3372,128.9800624,35.94008322,193,북안보건지소,5.5,3.51,완료 (유클리드 1위 일치)
마마2469,128.8798399,35.91423166,68,바위치과의원,5.47,2.71,완료 (시간순 역전: 후보2 선정)
마마1983,128.8265486,36.04104545,38,신녕보건지소,5.43,4.75,완료 (시간순 역전: 후보3 선정)
마마2373,128.8693815,35.95041236,28,금호의원,5.43,2.37,완료 (시간순 역전: 후보2 선정)
마마2388,128.8717228,36.08561231,28,안천보건진료소,5.43,2.99,완료 (유클리드 1위 일치)
마마3163,128.9564086,35.859236,43,운천보건진료소,5.43,1.49,완료 (유클리드 1위 일치)
마마3795,129.0283969,36.14681973,48,보현보건진료소,5.4,2.06,완료 (유클리드 1위 일치)
마마1981,128.8262463,36.0230185,224,화산보건지소,5.38,2.82,완료 (유클리드 1위 일치)
마마2276,128.8587594,35.97757871,68,우천보건진료소,5.38,2.38,완료 (유클리드 1위 일치)
마마1483,128.771057,36.04164664,8,신령의원,5.38,1.91,완료 (시간순 역전: 후보2 선정)
마마2787,128.9159774,36.07608254,78,화북보건지소,5.37,3.94,완료 (시간순 역전: 후보3 선정)
마마2897,128.9287124,36.16608037,5,상송보건진료소,5.35,2.6,복구완료 (인접도로 매핑 / 1위 일치)
마마2898,128.9288761,36.17509325,5,상송보건진료소,5.35,2.6,복구완료 (인접도로 매핑 / 1위 일치)
마마3583,129.00411,36.03894914,38,평천보건진료소,5.32,3.85,완료 (유클리드 1위 일치)
마마2773,128.913722,35.94989818,23,영남대학교의과대학부속 영천병원,5.3,1.68,완료 (시간순 역전: 후보2 선정)
마마3576,129.0029118,35.9758594,33,육군3사관학교의원,5.28,1.8,완료 (유클리드 1위 일치)
마마2465,128.8792143,35.87817774,161,대창보건지소,5.27,2.18,완료 (유클리드 1위 일치)
마마2778,128.9145259,35.99496434,88,영천요양병원,5.27,1.55,완료 (유클리드 1위 일치)
마마1386,128.7603897,36.06880482,68,신령의원,5.25,4.14,완료 (시간순 역전: 후보3 선정)
마마3582,129.0039386,36.02993636,128,임고보건지소,5.25,3.58,완료 (시간순 역전: 후보2 선정)
마마3987,129.049204,36.07443422,5,자양보건지소,5.22,3.9,복구완료 (인접도로 매핑 / 1위 일치)
마마1284,128.7490023,36.05089365,43,부산보건진료소,5.22,2.97,완료 (유클리드 1위 일치)
마마1086,128.7270824,36.06915047,8,부산보건진료소,5.22,2.68,복구완료 (시간이상치 -> 주변평균 대체)
마마3094,128.9504447,36.13877455,8,상송보건진료소,5.22,4.36,완료 (유클리드 1위 일치)
마마2375,128.8696927,35.9684392,123,우천보건진료소,5.2,3,완료 (유클리드 1위 일치)
마마3364,128.9787202,35.86797862,48,명주보건진료소,5.18,3.04,완료 (유클리드 1위 일치)
마마4482,129.1037971,36.02864212,28,삼포보건진료소,5.18,1.91,완료 (유클리드 1위 일치)
마마2178,128.8479769,35.99573072,83,우천보건진료소,5.17,2.22,완료 (유클리드 1위 일치)
마마3585,129.004453,36.05697465,83,평천보건진료소,5.13,2.97,완료 (유클리드 1위 일치)
마마3678,129.0143444,35.99374559,43,육군3사관학교의원,5.13,3.4,완료 (유클리드 1위 일치)
마마2866,128.9236756,35.88667417,33,호남보건진료소,5.12,1.69,완료 (유클리드 1위 일치)
마마3777,129.0252615,35.9845923,63,육군3사관학교치과의원,5.1,3.36,완료 (시간순 역전: 후보2 선정)
마마3462,128.9894561,35.84981558,108,명주보건진료소,5.1,2.81,완료 (유클리드 1위 일치)
마마2870,128.9243216,35.92272735,43,의료법인동승의료재단 동승병원,5.1,2.35,완료 (유클리드 1위 일치)
마마3988,129.0493808,36.08344674,5,자양보건지소,5.08,3.8,완료 (유클리드 1위 일치)
마마3878,129.0365255,35.99346349,8,고경보건지소,5.05,1.41,완료 (유클리드 1위 일치)
마마2278,128.8590686,35.99560555,33,우천보건진료소,5.02,1.36,완료 (유클리드 1위 일치)
마마2775,128.9140433,35.96792469,103,영남대학교의과대학부속 영천병원,5.02,1.9,완료 (유클리드 1위 일치)
마마4681,129.1258018,36.01933096,48,삼포보건진료소,5.02,3.34,완료 (유클리드 1위 일치)
마마1684,128.7934013,36.05042281,88,신녕보건지소,5,4.91,완료 (유클리드 1위 일치)
마마2970,128.9354027,35.92259535,60,의료법인동승의료재단 동승병원,4.98,2,완료 (유클리드 1위 일치)
마마3562,129.0005267,35.84967782,13,명주보건진료소,4.97,2.77,완료 (유클리드 1위 일치)
마마1884,128.8156004,36.05018123,138,신녕보건지소,4.95,2.67,완료 (유클리드 1위 일치)
마마2671,128.9023184,35.93200161,248,참사랑 연합의원,4.92,2.46,완료 (시간순 역전: 후보3 선정)
마마3978,129.0476159,35.9933209,78,고경보건지소,4.92,1.37,완료 (유클리드 1위 일치)
마마4473,129.1021559,35.94753031,8,파계보건진료소,4.88,3.12,완료 (유클리드 1위 일치)
마마4577,129.1139732,35.98343146,5,파계보건진료소,4.83,2.94,완료 (유클리드 1위 일치)
마마3279,128.9701487,36.00331048,55,아침을 여는 한의윈,4.83,2.85,완료 (시간순 역전: 후보3 선정)
마마3677,129.0141722,35.98473279,69,육군3사관학교의원,4.82,2.92,완료 (유클리드 1위 일치)
마마2596,128.8952065,36.15746068,5,상송보건진료소,4.78,3.15,완료 (유클리드 1위 일치)
마마2766,128.9125995,35.88680497,48,호남보건진료소,4.77,2.48,완료 (유클리드 1위 일치)
마마2973,128.9358918,35.94963496,113,포도나무한의원,4.77,2.04,완료 (시간순 역전: 후보3 선정)
마마4475,129.1025201,35.96555526,8,파계보건진료소,4.77,1.64,완료 (유클리드 1위 일치)
마마2379,128.8703161,36.00449272,43,우천보건진료소,4.75,2.41,복구완료 (시간이상치 -> 주변평균 대체)
마마2864,128.923353,35.86864749,83,운천보건진료소,4.73,2.48,완료 (유클리드 1위 일치)
마마3688,129.0160714,36.08387284,5,자양보건지소,4.73,1.5,완료 (유클리드 1위 일치)
마마3666,129.0122822,35.88559102,93,명주보건진료소,4.73,2.64,완료 (유클리드 1위 일치)
마마2567,128.8906046,35.89607695,98,대창보건지소,4.72,2.91,완료 (시간순 역전: 후보2 선정)
마마3880,129.0368753,36.01148886,183,고경보건지소,4.7,2.97,완료 (유클리드 1위 일치)
마마1584,128.7823016,36.05054206,68,신령의원,4.68,1.5,완료 (시간순 역전: 후보2 선정)
마마2384,128.8710969,36.0495593,58,화남보건지소,4.65,2.55,완료 (유클리드 1위 일치)
마마2489,128.8829849,36.09449785,18,안천보건진료소,4.63,2.09,완료 (유클리드 1위 일치)
마마3563,129.0006966,35.85869088,43,명주보건진료소,4.62,2.16,완료 (유클리드 1위 일치)
마마2280,128.859378,36.01363234,68,화산보건지소,4.6,1.28,완료 (유클리드 1위 일치)
마마2380,128.8704722,36.01350606,128,화산보건지소,4.6,2.27,완료 (유클리드 1위 일치)
마마3277,128.9698142,35.98528453,595,영천 퍼스트 치과의원,4.58,1.91,완료 (시간순 역전: 후보3 선정)
마마3072,128.9468122,35.94048867,181,의료법인동승의료재단 동승병원,4.58,2.46,완료 (유클리드 1위 일치)
마마3276,128.969647,35.97627153,118,의료법인자혜의료재단 영천제이병원,4.58,2.11,완료 (유클리드 1위 일치)
마마1285,128.7491448,36.05990736,33,부산보건진료소,4.57,2.71,완료 (유클리드 1위 일치)
마마2695,128.9061598,36.14831765,63,상송보건진료소,4.57,1.22,완료 (유클리드 1위 일치)
마마2697,128.9064817,36.16634362,13,상송보건진료소,4.55,2.48,완료 (유클리드 1위 일치)
마마4182,129.0705117,36.02908277,5,사리보건진료소,4.53,2.84,완료 (유클리드 1위 일치)
마마2770,128.9132405,35.92285832,173,의료법인동승의료재단 동승병원,4.52,2.36,완료 (유클리드 1위 일치)
마마3584,129.0042815,36.0479619,33,평천보건진료소,4.52,2.81,완료 (유클리드 1위 일치)
마마2586,128.893613,36.0673297,243,안천보건진료소,4.5,2.21,완료 (시간순 역전: 후보2 선정)
마마1187,128.7383262,36.07805,23,부산보건진료소,4.48,2.68,완료 (유클리드 1위 일치)
마마3564,129.0008665,35.86770393,83,명주보건진료소,4.42,1.29,완료 (유클리드 1위 일치)
마마4092,129.061197,36.1193524,38,보현보건진료소,4.4,2.64,완료 (유클리드 1위 일치)
마마2590,128.8942495,36.10338226,43,안천보건진료소,4.4,2.36,완료 (유클리드 1위 일치)
마마3078,128.9477994,35.99456732,5,현대중앙의원,4.38,1.3,완료 (유클리드 1위 일치)
마마3667,129.0124536,35.89460398,227,북안동산의원,4.38,2.53,완료 (유클리드 1위 일치)
마마2972,128.9357287,35.94062177,278,의료법인동승의료재단 동승병원,4.32,2.25,완료 (유클리드 1위 일치)
마마4279,129.0810667,36.00189948,78,고경보건지소,4.32,3.28,완료 (시간순 역전: 후보2 선정)
마마4079,129.0588837,36.00218988,133,고경보건지소,4.32,2.04,완료 (유클리드 1위 일치)
마마2081,128.8373419,36.02289526,142,화산보건지소,4.3,1.76,완료 (유클리드 1위 일치)
마마2376,128.8698485,35.9774526,13,우천보건진료소,4.28,1.76,완료 (유클리드 1위 일치)
마마2385,128.8712533,36.05857257,23,화남보건지소,4.28,1.91,완료 (유클리드 1위 일치)
마마2669,128.9020001,35.91397491,73,호남보건진료소,4.28,2.48,완료 (유클리드 1위 일치)
마마0985,128.7158411,36.06024982,118,부산보건진료소,4.27,1.94,완료 (유클리드 1위 일치)
마마3384,128.9820848,36.0482384,203,평천보건진료소,4.27,1.49,완료 (유클리드 1위 일치)
마마2892,128.9278953,36.12101578,48,화북보건지소,4.23,2.17,완료 (유클리드 1위 일치)
마마3284,128.9709863,36.04837512,53,평천보건진료소,4.17,1.87,완료 (유클리드 1위 일치)
마마2874,128.9249688,35.9587803,804,포도나무한의원,4.17,1.33,완료 (시간순 역전: 후보2 선정)
마마2876,128.9252928,35.97680669,589,한의마을한의원,4.17,1.75,완료 (유클리드 1위 일치)
마마2078,128.8368852,35.99585486,88,청통보건지소,4.12,2.17,완료 (유클리드 1위 일치)
마마3283,128.9708186,36.03936222,63,평천보건진료소,4.12,1.91,완료 (유클리드 1위 일치)
마마3888,129.0382777,36.0835898,28,자양보건지소,4.1,2.94,완료 (유클리드 1위 일치)
마마2867,128.923837,35.89568748,133,호남보건진료소,4.1,1.34,완료 (유클리드 1위 일치)
마마3472,128.9911457,35.93994602,63,북안보건지소,4.08,3.29,완료 (유클리드 1위 일치)
마마2177,128.8478236,35.98671726,53,우천보건진료소,4.02,2.19,완료 (유클리드 1위 일치)
마마2688,128.9050351,36.08522632,48,화북보건지소,3.98,3.13,완료 (시간순 역전: 후보2 선정)
마마1685,128.7935488,36.05943637,53,신녕보건지소,3.98,2.08,완료 (유클리드 1위 일치)
마마3377,128.9809038,35.98514813,359,육군3사관학교의원,3.98,2.51,완료 (유클리드 1위 일치)
마마2182,128.8485911,36.0317844,78,암기보건진료소,3.98,4.47,완료 (유클리드 1위 일치)
마마2372,128.8692259,35.94139891,113,금호의원,3.97,2.15,완료 (유클리드 1위 일치)
마마2665,128.9013644,35.87792133,238,대창보건지소,3.95,1.65,완료 (유클리드 1위 일치)
마마3264,128.9676469,35.86811443,48,운천보건진료소,3.95,2.79,완료 (유클리드 1위 일치)
마마2868,128.9239985,35.90470078,33,호남보건진료소,3.93,1.83,완료 (유클리드 1위 일치)
마마2764,128.9122794,35.8687782,33,대창보건지소,3.92,2.38,완료 (유클리드 1위 일치)
마마2584,128.8932951,36.04930334,153,화남보건지소,3.85,1.66,완료 (유클리드 1위 일치)
마마4477,129.1028845,35.98358015,93,파계보건진료소,3.85,2.93,완료 (유클리드 1위 일치)
마마1878,128.8147015,35.99610007,153,청통보건지소,3.85,1.74,완료 (유클리드 1위 일치)
마마3694,129.0171112,36.13794849,43,보현보건진료소,3.83,2.45,완료 (유클리드 1위 일치)
마마1879,128.8148512,36.00511363,93,청통보건지소,3.83,2.25,완료 (유클리드 1위 일치)
마마2563,128.8899745,35.86002308,48,대창보건지소,3.78,2.08,완료 (유클리드 1위 일치)
마마2370,128.8689151,35.92337198,253,경북연합의원,3.75,1.95,완료 (시간순 역전: 후보3 선정)
마마2992,128.9390042,36.12088283,78,화북보건지소,3.75,2.75,완료 (유클리드 1위 일치)
마마3063,128.9453364,35.85936973,73,운천보건진료소,3.73,1.04,완료 (유클리드 1위 일치)
마마4379,129.092158,36.00175274,138,삼포보건진료소,3.72,2.08,완료 (유클리드 1위 일치)
마마2272,128.8581419,35.94152485,73,금호의원,3.72,2.14,완료 (유클리드 1위 일치)
마마2381,128.8706283,36.02251939,78,암기보건진료소,3.7,2.57,완료 (유클리드 1위 일치)
마마2977,128.9365448,35.98568757,73,의료법인현보의료재단 해오름요양병원,3.67,2.14,완료 (유클리드 1위 일치)
마마3064,128.9455001,35.868383,88,운천보건진료소,3.62,1.27,완료 (유클리드 1위 일치)
마마3784,129.0264778,36.04768129,123,사리보건진료소,3.62,2.96,완료 (유클리드 1위 일치)
마마3679,129.0145168,36.00275838,133,육군3사관학교의원,3.62,2.78,완료 (유클리드 1위 일치)
마마4078,129.0587063,35.99317728,13,고경보건지소,3.6,2.29,완료 (유클리드 1위 일치)
마마2698,128.9066428,36.17535658,5,상송보건진료소,3.6,3.23,완료 (유클리드 1위 일치)
마마2479,128.8814089,36.00436546,103,우천보건진료소,3.6,2.77,완료 (유클리드 1위 일치)
마마2777,128.914365,35.98595114,269,영천요양병원,3.58,1.35,완료 (유클리드 1위 일치)
마마3483,128.993013,36.03908786,28,평천보건진료소,3.58,0.95,완료 (유클리드 1위 일치)
마마2378,128.8701602,35.99547936,38,우천보건진료소,3.58,1.68,완료 (유클리드 1위 일치)
마마2863,128.9231919,35.85963413,103,운천보건진료소,3.55,2.05,완료 (유클리드 1위 일치)
마마3280,128.9703161,36.01232344,228,임고보건지소,3.55,1.46,완료 (유클리드 1위 일치)
마마2672,128.9024776,35.94101495,1645,의료법인송학의료재단 효사랑요양병원,3.53,1.7,완료 (유클리드 1위 일치)
마마3994,129.0504435,36.13752156,58,보현보건진료소,3.53,1.25,완료 (유클리드 1위 일치)
마마3566,129.0012067,35.88572998,98,명주보건진료소,3.5,1.81,완료 (유클리드 1위 일치)
마마3281,128.9704835,36.02133638,118,임고보건지소,3.48,1.09,완료 (유클리드 1위 일치)
마마2181,128.8484374,36.022771,203,화산보건지소,3.43,1.14,완료 (유클리드 1위 일치)
마마4080,129.0590612,36.01120247,8,고경보건지소,3.42,2.1,완료 (유클리드 1위 일치)
마마2281,128.8595329,36.02264571,223,화산보건지소,3.4,1.35,완료 (유클리드 1위 일치)
마마1682,128.7931065,36.03239566,63,현대연합의원,3.4,1.47,완료 (유클리드 1위 일치)
마마3282,128.970651,36.0303493,118,임고보건지소,3.38,1.48,완료 (유클리드 1위 일치)
마마3471,128.9909764,35.93093304,163,북안보건지소,3.38,2.28,완료 (유클리드 1위 일치)
마마2768,128.9129198,35.90483167,28,호남보건진료소,3.38,1.46,완료 (유클리드 1위 일치)
마마2564,128.8901319,35.86903657,93,대창보건지소,3.38,1.6,완료 (유클리드 1위 일치)
마마3879,129.0367004,36.00247618,98,고경보건지소,3.37,1.43,완료 (유클리드 1위 일치)
마마3577,129.0030828,35.98487226,103,육군3사관학교의원,3.33,1.41,완료 (유클리드 1위 일치)
마마3788,129.0271746,36.08373183,13,자양보건지소,3.32,1.81,완료 (유클리드 1위 일치)
마마3381,128.9815782,36.0211998,198,임고보건지소,3.28,1.46,완료 (유클리드 1위 일치)
마마3670,129.0129684,35.92164277,518,북안보건지소,3.28,1.06,완료 (유클리드 1위 일치)
마마2896,128.9285489,36.15706748,28,상송보건진료소,3.25,1.68,완료 (유클리드 1위 일치)
마마3779,129.0256086,36.00261779,117,고경보건지소,3.23,2.28,완료 (유클리드 1위 일치)
마마2795,128.9172726,36.14818663,98,상송보건진료소,3.22,0.9,완료 (유클리드 1위 일치)
마마2963,128.9342642,35.85950244,78,운천보건진료소,3.2,1.15,완료 (유클리드 1위 일치)
마마3569,129.0017174,35.91276896,63,북안동산의원,3.17,0.92,완료 (유클리드 1위 일치)
마마3175,128.9583927,35.9673938,141,이동준내과의원,3.15,1.28,완료 (시간순 역전: 후보2 선정)
마마4574,129.1134228,35.95639425,48,파계보건진료소,3.15,1.9,완료 (유클리드 1위 일치)
마마2875,128.9251308,35.9677935,3030,약천한의원,3.1,1.28,완료 (시간순 역전: 후보2 선정)
마마4582,129.1148921,36.02849319,13,삼포보건진료소,3.08,1.89,완료 (유클리드 1위 일치)
마마2277,128.858914,35.98659214,68,우천보건진료소,3.08,0.94,완료 (유클리드 1위 일치)
마마3074,128.947141,35.95851494,3116,다산한의원,3.08,1.25,완료 (유클리드 1위 일치)
마마2180,128.8482838,36.01375759,105,화산보건지소,3.05,1.13,완료 (유클리드 1위 일치)
마마0986,128.7159798,36.06926363,43,부산보건진료소,3.05,1.81,완료 (유클리드 1위 일치)
마마3463,128.9896247,35.85882869,123,명주보건진료소,3.03,1.84,완료 (유클리드 1위 일치)
마마3984,129.0486739,36.04739657,128,사리보건진료소,3.02,1.83,완료 (유클리드 1위 일치)
마마3884,129.0375759,36.04753945,33,사리보건진료소,2.97,1.55,완료 (유클리드 1위 일치)
마마1186,128.7381849,36.06903628,93,부산보건진료소,2.93,1.64,완료 (유클리드 1위 일치)
마마3571,129.0020583,35.93079487,124,북안보건지소,2.9,1.8,완료 (유클리드 1위 일치)
마마3668,129.0126252,35.90361692,253,북안동산의원,2.9,1.54,완료 (유클리드 1위 일치)
마마3478,128.9921631,35.9940236,394,육군3사관학교의원,2.88,1.14,완료 (유클리드 1위 일치)
마마2566,128.8904469,35.8870635,298,대창보건지소,2.87,1.77,완료 (유클리드 1위 일치)
마마4284,129.0819674,36.0469618,33,사리보건진료소,2.87,2.63,완료 (유클리드 1위 일치)
마마2790,128.9164626,36.10312168,54,화북보건지소,2.82,0.89,완료 (유클리드 1위 일치)
마마2565,128.8902894,35.87805004,335,대창보건지소,2.82,1.08,완료 (유클리드 1위 일치)
마마2571,128.8912358,35.93213058,286,참사랑 연합의원,2.8,1.41,완료 (시간순 역전: 후보2 선정)
마마3893,129.0391568,36.12865242,28,보현보건진료소,2.77,0.85,완료 (유클리드 1위 일치)
마마2689,128.9051956,36.09423941,8,화북보건지소,2.77,1.98,완료 (시간순 역전: 후보2 선정)
마마2270,128.8578335,35.92349784,113,굿모닝정형외과연합의원,2.75,1.8,완료 (유클리드 1위 일치)
마마3477,128.9919933,35.98501071,1124,육군3사관학교의원,2.72,1.51,완료 (유클리드 1위 일치)
마마2995,128.9394981,36.14792149,5,상송보건진료소,2.7,2.2,완료 (유클리드 1위 일치)
마마3579,129.0034249,36.00289794,5,육군3사관학교의원,2.7,2.52,복구완료 (인접도로 매핑 / 1위 일치)
마마2675,128.9029558,35.96805485,103,의료법인송학의료재단 효사랑요양병원,2.67,2.09,완료 (시간순 역전: 후보2 선정)
마마2791,128.9166244,36.1121347,304,화북보건지소,2.63,0.74,완료 (유클리드 1위 일치)
마마2472,128.8803099,35.94127195,33,금호보건지소,2.63,1,완료 (유클리드 1위 일치)
마마2891,128.9277321,36.11200282,138,화북보건지소,2.63,1.3,완료 (유클리드 1위 일치)
마마2664,128.9012057,35.8689079,88,대창보건지소,2.6,1.37,완료 (유클리드 1위 일치)
마마1583,128.7821555,36.04152845,847,신령의원,2.58,1.06,완료 (시간순 역전: 후보2 선정)
마마2587,128.893772,36.07634286,28,안천보건진료소,2.55,1.18,완료 (유클리드 1위 일치)
마마3565,129.0010365,35.87671696,108,명주보건진료소,2.53,1.2,완료 (유클리드 1위 일치)
마마3176,128.9585586,35.97640685,174,의료법인자혜의료재단 영천제이병원,2.53,0.81,완료 (유클리드 1위 일치)
마마1185,128.7380436,36.06002254,13,부산보건진료소,2.52,1.12,완료 (유클리드 1위 일치)
마마1085,128.7269424,36.06013669,33,부산보건진료소,2.52,0.91,완료 (유클리드 1위 일치)
마마1784,128.8045009,36.05030254,38,신녕보건지소,2.48,1.51,완료 (유클리드 1위 일치)
마마2589,128.8940903,36.09436914,13,안천보건진료소,2.43,1.27,완료 (유클리드 1위 일치)
마마2478,128.8812517,35.99535214,88,우천보건진료소,2.4,1.71,완료 (유클리드 1위 일치)
마마2776,128.9142041,35.97693792,134,한의마을한의원,2.38,1.3,완료 (유클리드 1위 일치)
마마4576,129.1137897,35.97441907,13,파계보건진료소,2.38,1.69,완료 (유클리드 1위 일치)
마마3993,129.0502662,36.12850912,63,보현보건진료소,2.33,1.22,완료 (유클리드 1위 일치)
마마2470,128.8799965,35.9232451,98,금호한의원,2.32,1.23,완료 (시간순 역전: 후보3 선정)
마마3465,128.9899622,35.87685487,78,명주보건진료소,2.3,0.78,완료 (유클리드 1위 일치)
마마4481,129.1036144,36.01962976,8,삼포보건진료소,2.28,1.14,완료 (유클리드 1위 일치)
마마3164,128.9565735,35.86824923,58,운천보건진료소,2.27,1.37,완료 (유클리드 1위 일치)
마마2585,128.893454,36.05831653,198,화남보건지소,2.25,0.57,완료 (유클리드 1위 일치)
마마3794,129.0282221,36.13780721,93,보현보건진료소,2.22,1.38,완료 (유클리드 1위 일치)
마마2976,128.9363815,35.97667444,7128,마리플란트치과의원,2.17,0.67,완료 (시간순 역전: 후보2 선정)
마마3578,129.0032538,35.99388511,133,육군3사관학교의원,2.17,1.47,완료 (유클리드 1위 일치)
마마4083,129.059594,36.03824015,5,사리보건진료소,2.13,1.32,완료 (유클리드 1위 일치)
마마3075,128.9473055,35.96752806,5580,신한의원,2.08,0.83,완료 (시간순 역전: 후보3 선정)
마마3484,128.9931832,36.04810067,138,평천보건진료소,2.05,1.28,완료 (유클리드 1위 일치)
마마3177,128.9587245,35.9854199,5011,영천 퍼스트 치과의원,1.95,0.67,완료 (시간순 역전: 후보2 선정)
마마2975,128.9362182,35.96766129,4409,경애한의원,1.88,0.5,완료 (유클리드 1위 일치)
마마3077,128.9476347,35.98555425,5710,내미안내과의원,1.83,0.77,완료 (유클리드 1위 일치)
마마4184,129.0708697,36.04710775,8,사리보건진료소,1.77,1.66,완료 (유클리드 1위 일치)
마마3992,129.0500889,36.11949668,5,보현보건진료소,1.65,0.83,복구완료 (인접도로 매핑 / 1위 일치)
마마2673,128.9026369,35.95002826,161,의료법인송학의료재단 효사랑요양병원,1.63,0.61,완료 (유클리드 1위 일치)
마마2796,128.9174348,36.15719958,53,상송보건진료소,1.57,0.76,완료 (유클리드 1위 일치)
마마2371,128.8690705,35.93238545,2531,바위치과의원,1.55,0.63,완료 (시간순 역전: 후보3 선정)
마마2971,128.9355657,35.93160857,183,의료법인동승의료재단 동승병원,1.53,0.68,완료 (유클리드 1위 일치)
마마2871,128.9244833,35.93174061,169,의료법인동승의료재단 동승병원,1.5,0.78,완료 (유클리드 1위 일치)
마마3669,129.0127967,35.91262985,368,북안동산의원,1.5,0.57,완료 (유클리드 1위 일치)
마마1978,128.8257934,35.99597798,315,청통보건지소,1.47,0.68,완료 (유클리드 1위 일치)
마마2974,128.9360549,35.95864813,1825,다산한의원,1.42,0.47,완료 (유클리드 1위 일치)
마마1683,128.7932538,36.04140924,914,대구한의원,1.42,0.6,완료 (유클리드 1위 일치)
마마3076,128.9474701,35.97654116,9259,성삼연합의원,1.33,0.34,완료 (유클리드 1위 일치)
마마2774,128.9138826,35.95891144,612,영남대학교의과대학부속 영천병원,1.28,0.46,완료 (유클리드 1위 일치)
마마3383,128.9819158,36.03922555,298,평천보건진료소,1.17,0.31,완료 (유클리드 1위 일치)
마마2767,128.9127596,35.89581833,173,호남보건진료소,1.05,0.28,완료 (유클리드 1위 일치)
마마2471,128.8801532,35.93225853,1433,참사랑 연합의원,1.03,0.41,완료 (시간순 역전: 후보2 선정)
마마2377,128.8700043,35.98646599,113,우천보건진료소,1,0.4,완료 (유클리드 1위 일치)
마마2485,128.8823537,36.05844506,43,화남보건지소,0.98,0.62,완료 (유클리드 1위 일치)
마마4575,129.1136062,35.96540667,23,파계보건진료소,0.95,0.58,완료 (유클리드 1위 일치)
마마2588,128.8939311,36.08535601,118,안천보건진료소,0.85,0.33,완료 (유클리드 1위 일치)
마마3687,129.0158984,36.07486018,48,자양보건지소,0.83,0.47,완료 (유클리드 1위 일치)
마마3894,129.0393328,36.1376649,58,보현보건진료소,0.77,0.39,완료 (유클리드 1위 일치)
마마4480,129.1034318,36.01061738,48,삼포보건진료소,0.68,0.41,완료 (유클리드 1위 일치)
마마4084,129.0597718,36.04725268,53,사리보건진료소,0.67,0.54,완료 (유클리드 1위 일치)
마마3979,129.0477921,36.00233354,203,고경보건지소,0.57,0.15,완료 (유클리드 1위 일치)
마마2877,128.9254549,35.98581987,213,의료법인현보의료재단 해오름요양병원,0.53,0.28,완료 (유클리드 1위 일치)